{"cameraMode":{"drawMode":0,"name":"Shaded","section":"Shading Mode"},"sceneLighting":false,"audioPlay":false,"sceneViewState":{"showFog":true,"showMaterialUpdate":false,"showSkybox":false,"showFlares":true,"showImageEffects":true,"showParticleSystems":true},"in2DMode":false,"pivot":{"x":184.88047790527345,"y":29.013914108276368,"z":50.561614990234378},"rotation":{"x":-0.1488085389137268,"y":0.176092728972435,"z":-0.02694011479616165,"w":-0.9726898074150086},"size":56.233299255371097,"orthographic":false}