{"cameraMode":{"drawMode":0,"name":"Shaded","section":"Shading Mode"},"sceneLighting":true,"audioPlay":false,"sceneViewState":{"showFog":true,"showMaterialUpdate":false,"showSkybox":true,"showFlares":true,"showImageEffects":true,"showParticleSystems":true},"in2DMode":false,"pivot":{"x":2577.34423828125,"y":3.984999895095825,"z":461.3764343261719},"rotation":{"x":0.14899252355098725,"y":-0.13131770491600038,"z":0.019983423873782159,"w":0.9798763394355774},"size":2931.398681640625,"orthographic":true}