{"cameraMode":{"drawMode":0,"name":"Shaded","section":"Shading Mode"},"sceneLighting":true,"audioPlay":false,"sceneViewState":{"showFog":true,"showMaterialUpdate":false,"showSkybox":true,"showFlares":true,"showImageEffects":true,"showParticleSystems":true},"in2DMode":false,"pivot":{"x":2593.111572265625,"y":3.799999952316284,"z":245.03602600097657},"rotation":{"x":-0.10189107060432434,"y":0.20851485431194306,"z":-0.021855724975466729,"w":-0.9724516272544861},"size":117.72409057617188,"orthographic":true}