{"cameraMode":{"drawMode":0,"name":"Shaded","section":"Shading Mode"},"sceneLighting":false,"audioPlay":false,"sceneViewState":{"showFog":true,"showMaterialUpdate":false,"showSkybox":false,"showFlares":true,"showImageEffects":true,"showParticleSystems":true},"in2DMode":false,"pivot":{"x":192.5,"y":17.611289978027345,"z":47.64336395263672},"rotation":{"x":-0.12975159287452699,"y":0.13757742941379548,"z":-0.018190065398812295,"w":-0.9817872643470764},"size":91.25838470458985,"orthographic":true}